{
  "binary_search": {
    "list_sizes": [
      2,
      4,
      8,
      16,
      32,
      64,
      128,
      256,
      512,
      1024
    ],
    "iterative_steps": [
      2,
      3,
      4,
      5,
      6,
      7,
      8,
      9,
      10,
      11
    ],
    "recursive_steps": [
      2,
      3,
      4,
      5,
      6,
      7,
      8,
      9,
      10,
      11
    ],
    "theoretical_steps": [
      1.0,
      2.0,
      3.0,
      4.0,
      5.0,
      6.0,
      7.0,
      8.0,
      9.0,
      10.0
    ]
  },
  "big_o": {
    "O(log n) - Name Search": {
      "sizes": [
        100,
        1000,
        10000
      ],
      "steps": [
        7,
        10,
        11
      ],
      "times": [
        0.0,
        0.0,
        0.0
      ]
    },
    "O(n) - Number Search": {
      "sizes": [
        100,
        1000,
        10000
      ],
      "steps": [
        2,
        117,
        6718
      ],
      "times": [
        0.0,
        0.0,
        0.0010035037994384766
      ]
    },
    "O(n) - Read All Contacts": {
      "sizes": [
        100,
        1000,
        10000
      ],
      "steps": [
        100,
        1000,
        10000
      ],
      "times": [
        0.0,
        0.0,
        0.0011780261993408203
      ]
    },
    "O(n) - Read Contacts by Letter": {
      "sizes": [
        100,
        1000,
        10000
      ],
      "steps": [
        100,
        1000,
        10000
      ],
      "times": [
        0.0,
        0.0009946823120117188,
        0.002552032470703125
      ]
    }
  }
}